dia,temperatura,humedad
2022-01-05 15:30:16,34.19,32.00
2022-01-05 15:30:20,36.45,32.00
2022-01-05 15:30:23,36.45,32.00
2022-01-05 15:30:27,36.45,32.00
2022-01-05 15:30:31,34.19,32.00
2022-01-05 15:30:34,36.45,32.00
2022-01-05 15:30:38,36.45,32.00
2022-01-05 15:33:40,36.45,33.00
2022-01-05 15:33:44,36.45,33.00
2022-01-05 15:33:48,36.45,32.00
2022-01-05 15:33:51,34.19,32.00
2022-01-05 15:33:55,33.87,32.00
2022-01-05 15:33:58,36.45,32.00
2022-01-05 15:34:02,36.45,32.00
2022-01-05 15:34:05,34.19,32.00
2022-01-05 15:34:09,36.45,32.00
2022-01-05 15:34:12,36.45,32.00
2022-01-05 15:34:16,34.19,32.00
2022-01-05 15:34:20,34.19,32.00
2022-01-05 15:34:23,36.45,32.00
2022-01-05 15:34:27,36.45,32.00
2022-01-05 15:34:30,36.45,32.00
2022-01-05 15:34:34,36.45,32.00
2022-01-05 15:34:37,36.45,32.00
2022-01-05 15:34:41,36.45,32.00
2022-01-05 15:34:45,36.45,32.00
2022-01-05 15:34:48,34.19,32.00
2022-01-05 15:34:52,36.45,32.00
2022-01-05 15:34:55,36.45,32.00
2022-01-05 15:34:59,36.45,32.00
2022-01-05 15:35:02,34.19,32.00
2022-01-05 15:35:06,36.45,32.00
2022-01-05 15:35:09,36.45,32.00
2022-01-05 15:35:13,36.45,32.00
2022-01-05 15:35:17,36.45,32.00
2022-01-05 15:35:20,36.45,32.00
2022-01-05 15:35:24,36.45,34.00
2022-01-05 15:35:27,36.45,32.00
2022-01-05 15:35:31,36.45,32.00
2022-01-05 15:35:34,36.45,32.00
2022-01-05 15:35:38,34.19,32.00
2022-01-05 15:35:41,36.45,32.00
2022-01-05 15:35:45,36.45,32.00
2022-01-05 15:35:49,34.19,32.00
2022-01-05 15:55:46,36.13,32.00
2022-01-05 15:55:50,36.13,32.00
2022-01-05 15:55:53,36.13,33.00
2022-01-05 15:55:57,36.13,32.00
2022-01-05 15:56:01,33.55,32.00
2022-01-05 15:56:04,36.13,32.00
2022-01-05 15:56:08,33.55,33.00
2022-01-05 15:56:11,36.13,32.00
2022-01-05 15:56:15,33.55,32.00
2022-01-05 15:56:18,36.13,32.00
2022-01-05 15:56:22,36.13,33.00
2022-01-05 15:56:25,33.87,32.00
2022-01-05 15:56:29,36.13,32.00
2022-01-05 15:56:33,35.81,32.00
2022-01-05 15:56:36,35.81,32.00
2022-01-05 15:56:40,36.13,32.00
2022-01-05 15:56:43,36.13,33.00
2022-01-05 15:56:47,36.13,32.00
2022-01-05 16:13:49,33.55,32.00
2022-01-05 16:13:52,35.81,33.00
2022-01-05 16:13:56,36.13,32.00
2022-01-05 16:13:59,36.13,31.00
2022-01-05 16:14:03,35.81,32.00
2022-01-05 16:14:07,33.55,32.00
2022-01-05 16:14:10,35.81,32.00
2022-01-05 16:14:14,35.81,32.00
2022-01-05 16:20:51,36.13,32.00
2022-01-05 16:20:55,36.13,32.00
2022-01-05 16:20:58,36.13,34.00
2022-01-05 16:21:02,33.55,32.00
2022-01-05 16:21:05,36.13,32.00
2022-01-05 16:21:09,36.13,32.00
2022-01-05 16:21:12,36.13,33.00
2022-01-05 16:21:16,35.81,32.00
2022-01-05 16:21:20,36.13,32.00
2022-01-05 16:21:23,36.13,32.00
2022-01-05 16:21:27,36.13,32.00
2022-01-05 16:23:38,36.13,32.00
2022-01-05 16:23:41,36.13,33.00
2022-01-05 16:23:45,36.13,32.00
2022-01-05 16:23:49,36.13,33.00
2022-01-05 16:23:52,36.13,32.00
2022-01-05 16:23:56,35.81,32.00
2022-01-05 16:23:59,36.13,33.00
2022-01-05 16:24:03,36.13,32.00
2022-01-05 16:24:06,36.13,32.00
2022-01-05 16:24:10,36.13,32.00
2022-01-05 16:24:14,35.81,32.00
2022-01-05 16:24:17,35.81,32.00
2022-01-05 16:24:21,35.81,32.00
2022-01-05 16:24:24,35.81,32.00
2022-01-05 16:28:35,35.48,33.00
2022-01-05 16:28:39,35.81,33.00
2022-01-05 16:28:42,35.81,33.00
2022-01-05 16:28:46,35.81,33.00
2022-01-05 16:28:49,35.81,32.00
2022-01-05 16:28:53,35.81,33.00
2022-01-05 16:54:12,35.81,33.00
2022-01-05 16:54:15,35.48,34.00
2022-01-05 16:54:19,33.55,33.00
2022-01-05 16:54:22,35.48,34.00
2022-01-05 16:54:26,35.48,34.00
2022-01-05 16:54:30,36.13,34.00
2022-01-05 16:54:33,33.55,34.00
2022-01-05 16:54:37,35.48,34.00
2022-01-05 17:24:29,35.48,34.00
2022-01-05 17:24:33,35.48,34.00
2022-01-05 17:24:36,35.48,34.00
2022-01-05 17:24:40,35.48,34.00
2022-01-05 17:24:44,35.48,33.00
2022-01-05 17:24:47,35.48,33.00
2022-01-05 17:24:51,35.48,34.00
2022-01-05 17:24:54,35.48,34.00
2022-01-05 17:24:58,35.48,33.00
2022-01-05 17:25:01,33.23,33.00
2022-01-05 17:25:05,35.48,33.00
2022-01-05 17:25:09,35.48,34.00
2022-01-05 17:26:15,35.48,33.00
2022-01-05 17:26:18,35.16,34.00
2022-01-05 17:26:22,35.16,34.00
2022-01-05 17:26:25,35.16,33.00
2022-01-05 17:26:29,35.48,33.00
2022-01-05 17:26:33,33.23,33.00
2022-01-05 17:26:36,35.48,33.00
2022-01-05 17:26:40,35.48,32.00
2022-01-05 17:26:43,35.16,33.00
2022-01-05 17:26:47,33.23,33.00
2022-01-05 17:26:50,35.48,33.00
2022-01-05 17:26:54,35.16,34.00
2022-01-05 17:26:57,35.48,34.00
2022-01-05 17:27:01,35.48,34.00
2022-01-05 17:27:05,35.16,34.00
2022-01-05 17:27:08,35.48,33.00
2022-01-05 17:27:12,35.16,34.00
2022-01-05 17:27:15,35.48,34.00
2022-01-05 17:27:19,35.16,33.00
2022-01-05 17:27:22,35.48,34.00
2022-01-05 17:27:26,35.48,34.00
2022-01-05 17:27:30,35.48,34.00
2022-01-05 17:29:05,35.16,34.00
2022-01-05 17:29:10,35.48,34.00
2022-01-05 17:29:14,35.16,34.00
2022-01-05 17:29:17,35.16,36.00
2022-01-05 17:29:23,35.16,35.00
2022-01-05 17:29:26,35.16,33.00
2022-01-05 17:29:30,35.16,34.00
2022-01-05 17:29:33,35.16,33.00
2022-01-05 17:29:37,35.16,35.00
2022-01-05 17:29:41,35.48,33.00
2022-01-05 17:29:45,35.16,33.00
2022-01-05 17:29:49,35.16,34.00
2022-01-05 17:29:52,35.16,34.00
2022-01-05 17:29:56,35.16,34.00
2022-01-05 17:30:00,35.48,33.00
2022-01-05 17:30:04,35.16,33.00
2022-01-05 17:30:07,35.16,33.00
2022-01-05 17:30:11,35.16,33.00
2022-01-05 17:30:14,35.16,34.00
2022-01-05 17:30:18,33.23,33.00
2022-01-05 17:30:21,35.16,33.00
2022-01-05 17:30:25,35.16,34.00
2022-01-05 17:30:28,35.16,33.00
2022-01-05 17:30:32,33.23,33.00
2022-01-05 17:30:36,35.16,34.00
2022-01-05 17:30:39,35.16,33.00
2022-01-05 17:30:43,35.16,33.00
2022-01-05 17:30:46,33.23,33.00
2022-01-05 17:30:50,35.16,34.00
2022-01-05 17:30:53,35.16,33.00
2022-01-05 17:30:57,35.16,33.00
2022-01-05 17:31:01,33.23,33.00
2022-01-05 17:31:04,35.16,33.00
2022-01-05 17:31:08,35.16,33.00
2022-01-05 17:31:11,35.16,33.00
2022-01-05 17:31:15,35.16,33.00
2022-01-05 17:31:18,35.16,33.00
2022-01-05 17:31:22,35.16,34.00
2022-01-05 17:31:25,35.16,33.00
2022-01-05 17:31:29,35.16,33.00
2022-01-05 17:31:33,35.48,33.00
2022-01-05 17:31:36,35.16,34.00
2022-01-05 17:31:40,35.48,32.00
2022-01-05 17:31:43,35.16,33.00
2022-01-05 17:31:47,35.16,33.00
2022-01-05 17:31:50,33.23,33.00
2022-01-05 17:31:54,35.16,33.00
2022-01-05 17:31:57,33.23,34.00
2022-01-05 17:32:01,35.16,33.00
2022-01-05 17:32:05,35.16,33.00
2022-01-05 17:32:08,35.16,34.00
2022-01-05 17:32:12,35.16,34.00
2022-01-05 17:32:15,35.16,33.00
2022-01-05 17:32:19,35.16,33.00
2022-01-05 17:32:22,35.16,33.00
2022-01-05 17:32:26,35.16,33.00
2022-01-05 17:32:30,33.23,34.00
2022-01-05 17:32:33,35.16,34.00
2022-01-05 17:32:37,35.16,33.00
2022-01-05 17:32:40,33.23,33.00
2022-01-05 17:32:44,35.48,34.00
2022-01-05 17:32:47,35.16,33.00
2022-01-05 17:32:51,35.16,33.00
2022-01-05 17:32:54,35.16,34.00
2022-01-05 17:32:58,35.16,33.00
2022-01-05 17:33:02,35.16,33.00
2022-01-05 17:33:05,35.16,34.00
2022-01-05 17:33:09,33.23,33.00
2022-01-05 17:33:12,35.16,33.00
2022-01-05 17:33:16,35.16,33.00
2022-01-05 17:33:19,35.48,33.00
2022-01-05 17:33:23,35.16,33.00
2022-01-05 17:33:26,35.16,33.00
2022-01-05 17:33:30,35.16,33.00
2022-01-05 17:33:34,33.23,33.00
2022-01-05 17:33:37,33.23,33.00
2022-01-05 17:33:41,35.16,33.00
2022-01-05 17:33:44,33.23,34.00
2022-01-05 17:33:48,35.16,33.00
2022-01-05 17:33:51,35.16,33.00
2022-01-05 17:33:55,35.48,33.00
2022-01-05 17:33:58,35.16,34.00
2022-01-05 17:34:02,35.16,33.00
2022-01-05 17:34:06,35.16,34.00
2022-01-05 17:34:09,35.48,33.00
2022-01-05 17:34:13,35.48,34.00
2022-01-05 17:34:16,35.16,33.00
2022-01-05 17:34:20,35.48,33.00
2022-01-05 17:34:23,35.16,33.00
2022-01-05 17:34:27,35.16,33.00
2022-01-05 17:34:31,35.16,33.00
2022-01-05 17:34:34,35.16,33.00
2022-01-05 17:34:38,33.23,34.00
2022-01-05 17:34:41,35.16,33.00
2022-01-05 17:34:45,35.16,33.00
2022-01-05 17:34:48,33.23,34.00
2022-01-05 17:34:52,33.23,32.00
2022-01-05 17:34:55,35.16,33.00
2022-01-05 17:34:59,35.16,33.00
2022-01-05 17:35:03,35.16,33.00
2022-01-05 17:35:06,33.23,33.00
2022-01-05 17:35:10,35.16,33.00
2022-01-05 17:35:13,35.16,33.00
2022-01-05 17:35:17,35.16,34.00
2022-01-05 17:35:20,35.16,33.00
2022-01-05 17:35:24,35.16,33.00
2022-01-05 17:35:28,35.16,33.00
2022-01-05 17:35:31,35.16,33.00
2022-01-05 17:35:35,33.23,33.00
2022-01-05 17:35:38,35.16,33.00
2022-01-05 17:35:42,35.16,33.00
2022-01-05 17:35:45,35.16,34.00
2022-01-05 17:35:49,35.16,33.00
2022-01-05 17:35:52,35.16,36.00
2022-01-05 17:35:56,33.23,33.00
2022-01-05 17:36:00,35.16,33.00
2022-01-05 17:36:03,35.16,34.00
2022-01-05 17:36:07,35.16,34.00
2022-01-05 17:36:10,33.23,33.00
2022-01-05 17:36:14,35.16,34.00
2022-01-05 17:36:17,35.16,34.00
2022-01-05 17:36:21,35.16,33.00
2022-01-05 17:36:25,35.16,33.00
2022-01-05 17:36:28,33.23,33.00
2022-01-05 17:36:32,35.16,34.00
2022-01-05 17:36:35,35.16,35.00
2022-01-05 17:36:39,35.48,33.00
2022-01-05 17:36:42,35.16,33.00
2022-01-05 17:36:46,35.16,33.00
2022-01-05 17:36:49,35.16,34.00
2022-01-05 17:36:53,35.16,33.00
2022-01-05 17:36:57,35.16,33.00
2022-01-05 17:37:00,35.16,33.00
2022-01-05 17:37:04,35.16,34.00
2022-01-05 17:37:07,35.16,33.00
2022-01-05 17:37:11,35.16,33.00
2022-01-05 17:37:14,35.16,33.00
2022-01-05 17:37:18,35.16,33.00
2022-01-05 17:37:22,35.16,34.00
2022-01-05 17:37:25,35.16,33.00
2022-01-05 17:37:29,35.16,34.00
2022-01-05 17:37:32,33.23,33.00
2022-01-05 17:37:36,35.16,33.00
2022-01-05 17:37:39,35.16,33.00
2022-01-05 17:37:43,35.16,33.00
2022-01-05 17:37:46,35.16,33.00
2022-01-05 17:37:50,33.23,33.00
2022-01-05 17:37:54,35.16,34.00
2022-01-05 17:37:57,35.16,33.00
2022-01-05 17:38:01,35.16,33.00
2022-01-05 17:38:04,33.23,33.00
2022-01-05 17:38:08,35.16,33.00
2022-01-05 17:38:11,35.16,34.00
2022-01-05 17:38:15,35.16,34.00
2022-01-05 17:38:18,33.23,33.00
2022-01-05 17:38:22,35.16,33.00
2022-01-06 11:11:14,34.19,33.00
2022-01-06 11:11:18,36.45,33.00
2022-01-06 11:11:21,36.45,34.00
2022-01-06 11:11:25,36.45,33.00
2022-01-06 11:11:28,36.45,33.00
2022-01-06 11:11:32,34.19,33.00
2022-01-06 11:11:36,36.45,33.00
2022-01-06 11:11:39,36.45,33.00
2022-01-06 11:11:43,36.45,33.00
2022-01-06 11:11:46,34.19,34.00
2022-01-06 11:11:50,36.45,33.00
2022-01-06 11:11:53,36.45,34.00
2022-01-06 11:11:57,36.45,33.00
2022-01-06 11:12:00,34.19,33.00
2022-01-06 11:12:04,36.45,34.00
2022-01-06 11:12:08,36.45,33.00
2022-01-06 11:12:11,36.45,33.00
2022-01-06 11:12:15,34.19,33.00
2022-01-06 11:12:18,36.45,35.00
2022-01-06 12:09:38,37.10,33.00
2022-01-06 12:09:42,37.10,34.00
2022-01-06 12:09:45,37.10,34.00
2022-01-06 12:09:49,37.10,33.00
2022-01-06 12:09:52,37.10,33.00
2022-01-06 12:09:56,37.10,34.00
2022-01-06 12:10:16,37.10,33.00
2022-01-06 12:10:17,37.10,32.00
2022-01-06 12:10:21,37.10,34.00
2022-01-06 12:10:24,37.10,33.00
2022-01-06 12:10:28,37.10,33.00
2022-01-06 12:10:31,37.10,33.00
2022-01-06 12:10:35,35.16,33.00
2022-01-06 12:10:38,37.10,33.00
2022-01-06 12:10:42,35.16,33.00
2022-01-06 12:10:45,37.10,33.00
2022-01-06 12:10:49,35.16,33.00
2022-01-06 12:10:53,37.10,34.00
2022-01-06 12:10:56,35.16,34.00
2022-01-06 12:11:00,37.10,33.00
2022-01-06 12:11:03,35.16,34.00
2022-01-06 12:11:07,37.10,34.00
2022-01-06 12:11:10,37.10,33.00
2022-01-06 12:11:14,37.10,33.00
2022-01-06 12:11:17,37.10,34.00
2022-01-06 12:11:21,35.16,34.00
2022-01-06 12:11:25,37.10,35.00
2022-01-06 12:11:28,37.10,32.00
2022-01-06 12:11:32,37.10,34.00
2022-01-06 12:11:35,37.10,34.00
2022-01-06 12:11:39,37.10,34.00
2022-01-06 12:11:42,37.10,33.00
2022-01-06 12:11:46,35.16,33.00
2022-01-06 12:11:50,37.10,34.00
2022-01-06 12:11:53,37.10,33.00
2022-01-06 12:11:57,35.16,33.00
2022-01-06 12:12:00,37.10,33.00
2022-01-06 12:12:04,37.10,33.00
2022-01-06 12:12:07,37.10,34.00
2022-01-06 12:12:11,37.10,34.00
2022-01-06 12:12:15,37.10,33.00
2022-01-06 12:12:18,35.16,35.00
2022-01-06 12:12:22,37.10,33.00
2022-01-06 12:12:25,37.10,33.00
2022-01-06 12:12:29,37.10,34.00
2022-01-06 12:12:32,37.10,33.00
2022-01-06 12:12:36,37.10,33.00
2022-01-06 12:12:39,37.10,33.00
2022-01-06 12:12:43,37.10,34.00
2022-01-06 12:12:47,37.10,34.00
2022-01-06 12:12:50,35.16,34.00
2022-01-06 12:12:54,37.10,34.00
2022-01-06 12:12:57,35.16,34.00
2022-01-06 12:13:01,37.10,34.00
2022-01-06 12:13:04,35.16,34.00
2022-01-06 12:13:08,37.10,34.00
2022-01-06 12:13:11,37.10,34.00
2022-01-06 12:13:15,37.10,34.00
2022-01-06 12:13:19,37.10,33.00
2022-01-06 12:13:22,37.10,34.00
2022-01-06 12:13:26,37.10,33.00
2022-01-06 17:12:01,39.35,33.00
2022-01-06 17:12:04,39.35,33.00
2022-01-06 17:12:08,39.35,33.00
2022-01-06 17:12:12,39.35,33.00
2022-01-06 17:12:15,39.35,33.00
2022-01-06 17:12:19,39.35,33.00
2022-01-06 17:15:36,39.68,33.00
2022-01-06 17:15:40,39.68,34.00
2022-01-06 17:15:43,39.68,33.00
2022-01-06 17:15:47,37.10,33.00
2022-01-06 17:15:50,39.68,33.00
2022-01-06 17:15:54,39.68,33.00
2022-01-06 17:15:57,39.68,33.00
2022-01-06 17:16:01,39.68,35.00
2022-01-06 17:16:04,39.68,33.00
2022-01-06 17:16:08,39.68,33.00
2022-01-06 17:24:07,37.74,33.00
2022-01-06 17:24:10,40.32,33.00
2022-01-06 17:24:14,40.32,34.00
2022-01-06 17:24:17,40.32,33.00
2022-01-06 17:24:21,40.32,33.00
2022-01-06 17:24:25,40.00,33.00
2022-01-06 17:24:28,40.32,33.00
2022-01-06 17:24:32,40.00,34.00
2022-01-06 17:24:35,40.32,33.00
2022-01-06 17:24:39,40.32,33.00
2022-01-06 17:24:42,38.06,33.00
2022-01-06 17:24:46,40.32,32.00
2022-01-06 17:24:50,40.32,33.00
2022-01-06 17:25:37,40.32,32.00
2022-01-06 17:25:40,40.65,33.00
2022-01-06 17:25:44,40.32,33.00
2022-01-06 17:25:47,40.65,33.00
2022-01-06 17:25:51,40.65,34.00
2022-01-06 17:25:54,38.06,33.00
2022-01-06 17:25:58,40.65,33.00
2022-01-06 17:26:02,40.32,33.00
2022-01-06 17:26:05,40.65,33.00
2022-01-06 17:26:09,40.65,33.00
2022-01-06 17:26:12,16.45,33.00
2022-01-06 17:26:16,33.23,33.00
2022-01-06 17:26:19,32.90,33.00
2022-01-06 17:26:23,32.90,33.00
2022-01-06 17:26:26,30.97,33.00
2022-01-06 17:26:30,32.58,36.00
2022-01-07 10:35:49,2.58,34.00
2022-01-07 10:35:52,0.97,35.00
2022-01-07 10:35:56,2.58,35.00
2022-01-07 10:35:59,3.23,35.00
2022-01-07 10:36:03,2.90,35.00
2022-01-07 10:36:06,3.23,35.00
2022-01-07 10:36:10,2.90,35.00
2022-01-07 10:36:14,2.90,35.00
2022-01-07 10:36:17,0.32,35.00
2022-01-07 10:36:21,3.23,35.00
2022-01-07 10:36:24,2.90,35.00
2022-01-07 10:36:28,3.23,35.00
2022-01-07 10:36:31,2.90,35.00
2022-01-07 10:36:35,30.32,35.00
2022-01-07 10:36:38,30.32,35.00
2022-01-07 10:36:42,30.32,35.00
2022-01-07 10:36:46,30.32,35.00
2022-01-07 10:36:49,30.32,35.00
2022-01-07 10:36:53,28.06,35.00
2022-01-07 10:36:56,30.32,35.00
2022-01-07 10:37:00,30.32,35.00
2022-01-07 10:37:03,30.32,35.00
2022-01-07 10:37:07,30.32,35.00
2022-01-07 10:37:10,30.32,35.00
2022-01-07 11:35:11,30.00,34.00
2022-01-07 11:35:14,30.00,34.00
2022-01-07 11:35:18,30.00,35.00
2022-01-07 11:35:24,30.00,35.00
2022-01-07 11:35:27,30.00,35.00
2022-01-07 11:44:31,28.06,34.00
2022-01-07 11:44:35,28.06,35.00
2022-01-07 11:44:38,30.32,35.00
2022-01-07 11:44:42,30.00,35.00
2022-01-07 11:44:45,30.32,35.00
2022-01-07 11:44:49,28.06,35.00
2022-01-07 11:44:52,30.32,34.00
2022-01-07 11:44:56,30.32,35.00
2022-01-07 11:44:59,30.32,35.00
2022-01-07 11:45:06,28.06,35.00
2022-01-07 11:45:09,30.32,35.00
2022-01-07 11:45:13,30.32,35.00
2022-01-07 11:45:17,30.32,35.00
2022-01-07 11:45:20,30.32,35.00
2022-01-07 11:45:24,28.06,35.00
2022-01-07 11:45:27,30.32,35.00
2022-01-07 11:45:31,30.32,35.00
2022-01-07 11:45:34,30.32,35.00
2022-01-07 11:45:38,30.32,35.00
2022-01-07 11:45:41,30.32,35.00
2022-01-07 11:45:45,30.32,35.00
2022-01-07 11:45:49,28.06,35.00
2022-01-07 11:45:52,30.32,35.00
2022-01-07 11:45:56,30.00,35.00
2022-01-07 11:45:59,30.00,35.00
2022-01-07 11:46:03,30.32,35.00
2022-01-07 11:46:06,28.06,35.00
2022-01-07 11:46:10,30.32,35.00
2022-01-07 11:46:14,30.32,35.00
2022-01-07 11:46:17,30.32,35.00
2022-01-07 11:46:21,28.06,35.00
2022-01-07 11:46:24,30.32,35.00
2022-01-07 11:46:28,30.32,35.00
2022-01-07 11:46:31,30.32,34.00
2022-01-07 11:46:35,28.06,35.00
2022-01-07 11:46:38,30.32,33.00
2022-01-07 11:46:42,30.32,35.00
2022-01-07 11:46:46,30.32,35.00
2022-01-07 11:46:49,28.06,35.00
2022-01-07 11:46:53,30.32,35.00
2022-01-07 11:46:56,30.32,35.00
2022-01-07 11:47:00,30.32,35.00
2022-01-07 11:47:03,30.32,35.00
2022-01-07 11:47:07,30.32,35.00
2022-01-07 11:47:11,30.32,35.00
2022-01-07 11:47:14,30.00,35.00
2022-01-07 11:47:18,30.00,35.00
2022-01-07 11:47:21,30.00,35.00
2022-01-07 11:47:25,30.32,35.00
2022-01-07 11:47:28,30.32,35.00
2022-01-07 11:47:32,30.32,35.00
2022-01-07 11:47:35,28.06,35.00
2022-01-07 11:47:39,30.32,35.00
2022-01-07 11:47:43,30.32,35.00
2022-01-07 11:47:46,30.32,34.00
2022-01-07 11:47:50,28.06,34.00
2022-01-07 11:47:53,30.32,35.00
2022-01-07 11:47:57,30.32,35.00
2022-01-07 11:48:00,30.32,35.00
2022-01-07 11:48:04,28.06,34.00
2022-01-07 11:48:07,30.32,35.00
2022-01-07 11:50:46,30.32,34.00
2022-01-07 11:50:49,30.32,34.00
2022-01-07 11:50:53,28.06,35.00
2022-01-07 11:50:56,28.06,34.00
2022-01-07 11:51:00,30.32,34.00
2022-01-07 11:51:03,30.32,34.00
2022-01-07 11:51:07,30.32,34.00
2022-01-07 11:51:11,28.06,34.00
2022-01-07 11:51:14,30.32,34.00
2022-01-07 11:51:18,28.06,34.00
2022-01-07 11:51:21,28.06,34.00
2022-01-07 11:51:25,30.32,33.00
2022-01-07 11:51:28,31.29,35.00
2022-01-07 11:51:32,13.87,34.00
2022-01-07 11:51:35,16.77,35.00
2022-01-07 11:51:39,24.84,34.00
2022-01-07 11:51:43,24.52,35.00
2022-01-07 11:51:46,24.52,34.00
2022-01-07 11:51:50,25.16,34.00
2022-01-07 11:51:53,24.84,34.00
2022-01-07 11:51:57,24.84,34.00
2022-01-07 11:52:00,22.26,34.00
2022-01-07 11:52:04,23.87,34.00
2022-01-07 11:52:07,23.55,35.00
2022-01-07 11:52:11,21.61,35.00
2022-01-07 11:52:15,24.52,35.00
2022-01-07 11:52:18,24.19,34.00
2022-01-07 11:52:22,22.58,35.00
2022-01-07 11:52:25,24.52,34.00
2022-01-07 11:52:29,24.52,35.00
2022-01-07 11:52:32,24.84,34.00
2022-01-07 11:52:36,24.19,34.00
2022-01-07 11:52:40,24.52,34.00
2022-01-07 11:52:43,23.87,34.00
2022-01-07 11:52:47,24.52,34.00
2022-01-07 11:52:50,25.48,34.00
2022-01-07 11:52:54,25.48,34.00
2022-01-07 11:52:57,25.81,35.00
2022-01-07 11:53:01,26.13,35.00
2022-01-07 11:53:04,26.13,34.00
2022-01-07 11:53:08,25.48,35.00
2022-01-07 11:53:12,27.10,34.00
2022-01-07 11:53:15,27.10,34.00
2022-01-07 11:53:19,26.13,34.00
2022-01-07 11:53:22,26.13,35.00
2022-01-07 11:53:26,26.13,35.00
2022-01-07 11:53:29,26.45,33.00
2022-01-07 11:53:33,27.10,34.00
2022-01-07 11:53:36,24.84,34.00
2022-01-07 11:53:40,26.13,33.00
2022-01-07 11:53:44,25.81,34.00
2022-01-07 11:53:47,25.81,35.00
2022-01-07 11:53:51,26.13,34.00
2022-01-07 11:53:54,26.13,35.00
2022-01-07 11:53:58,26.45,34.00
2022-01-07 11:54:01,27.42,34.00
2022-01-07 11:54:05,24.52,35.00
2022-01-07 11:54:09,26.13,33.00
2022-01-07 11:54:12,27.10,35.00
2022-01-07 11:54:16,27.74,33.00
2022-01-07 11:54:19,25.16,34.00
2022-01-07 11:54:23,25.16,34.00
2022-01-07 11:54:26,24.84,34.00
2022-01-07 11:54:30,27.42,35.00
2022-01-07 11:54:33,27.42,34.00
2022-01-07 11:54:37,27.10,34.00
2022-01-07 11:54:41,27.42,35.00
2022-01-07 11:54:44,27.74,34.00
2022-01-07 11:54:48,27.74,33.00
2022-01-07 11:54:51,25.16,34.00
2022-01-07 11:54:55,27.10,35.00
2022-01-07 11:54:58,27.74,34.00
2022-01-07 11:55:02,27.42,35.00
2022-01-07 11:55:05,27.74,34.00
2022-01-07 11:55:09,24.84,35.00
2022-01-07 11:55:13,27.74,34.00
2022-01-07 11:55:16,27.74,35.00
2022-01-07 11:55:20,27.42,35.00
2022-01-07 11:55:23,25.16,34.00
2022-01-07 11:55:27,27.42,35.00
2022-01-07 11:55:30,27.74,34.00
2022-01-07 11:55:34,28.06,34.00
2022-01-07 11:55:38,25.16,34.00
2022-01-07 11:55:41,28.39,34.00
2022-01-07 11:55:45,28.39,34.00
2022-01-07 11:55:48,29.03,34.00
2022-01-07 11:55:52,27.42,34.00
2022-01-07 11:55:55,30.00,34.00
2022-01-07 11:55:59,28.71,33.00
2022-01-07 11:56:02,29.68,34.00
2022-01-07 11:56:06,27.10,34.00
2022-01-07 11:56:10,29.68,34.00
2022-01-07 11:56:13,29.03,34.00
2022-01-07 11:56:17,28.71,34.00
2022-01-07 11:56:20,29.35,35.00
2022-01-07 11:56:24,27.42,34.00
2022-01-07 11:56:27,23.55,34.00
2022-01-07 11:56:31,22.58,34.00
2022-01-07 11:56:34,22.58,34.00
2022-01-07 11:56:38,20.97,34.00
2022-01-07 11:56:42,23.23,34.00
2022-01-07 11:56:45,22.26,34.00
2022-01-07 11:56:49,23.55,34.00
2022-01-07 11:56:52,22.58,34.00
2022-01-07 11:56:56,20.97,34.00
2022-01-07 11:56:59,23.23,34.00
2022-01-07 11:57:03,23.23,34.00
2022-01-07 11:57:07,20.65,34.00
2022-01-07 11:57:10,22.58,35.00
2022-01-07 11:57:14,22.58,34.00
2022-01-07 11:57:17,22.58,34.00
2022-01-07 11:57:21,21.94,35.00
2022-01-07 11:57:24,20.00,34.00
2022-01-07 11:57:28,21.94,34.00
2022-01-07 11:57:31,22.26,34.00
2022-01-07 11:57:35,22.26,34.00
2022-01-07 11:57:39,22.26,34.00
2022-01-07 11:57:42,22.26,34.00
2022-01-07 11:57:46,21.94,34.00
2022-01-07 11:57:49,21.94,34.00
2022-01-07 11:57:53,21.94,34.00
2022-01-07 11:57:56,19.68,34.00
2022-01-07 11:58:00,21.61,34.00
2022-01-07 11:58:03,20.97,33.00
2022-01-07 11:58:07,21.29,34.00
2022-01-07 11:58:11,20.97,34.00
2022-01-07 11:58:14,21.29,34.00
2022-01-07 11:58:18,20.97,33.00
2022-01-07 11:58:21,20.97,35.00
2022-01-07 11:58:25,20.97,35.00
2022-01-07 11:58:28,20.97,36.00
2022-01-07 11:58:32,20.65,35.00
2022-01-07 11:58:35,20.65,34.00
2022-01-07 11:58:39,20.65,34.00
2022-01-07 11:58:43,20.97,34.00
2022-01-07 11:58:46,20.97,34.00
2022-01-07 11:58:50,20.97,34.00
2022-01-07 11:58:53,18.71,34.00
2022-01-07 11:58:57,20.97,34.00
2022-01-07 11:59:00,21.29,34.00
2022-01-07 11:59:04,21.29,34.00
2022-01-07 11:59:08,19.35,35.00
2022-01-07 11:59:11,18.71,35.00
2022-01-07 11:59:15,21.29,34.00
2022-01-07 11:59:18,21.61,35.00
2022-01-07 11:59:22,19.35,34.00
2022-01-07 11:59:25,20.97,34.00
2022-01-07 11:59:29,20.97,36.00
2022-01-07 11:59:32,20.97,34.00
2022-01-07 11:59:36,19.35,34.00
2022-01-07 11:59:40,20.97,35.00
2022-01-07 11:59:43,20.97,34.00
2022-01-07 11:59:47,20.65,33.00
2022-01-07 11:59:50,20.97,34.00
2022-01-07 11:59:54,20.97,34.00
2022-01-07 11:59:57,21.29,34.00
2022-01-07 12:00:01,20.97,35.00
2022-01-07 12:00:04,19.35,34.00
2022-01-07 12:00:08,20.97,35.00
2022-01-07 12:00:12,21.29,34.00
2022-01-07 12:00:16,20.65,34.00
2022-01-07 12:02:38,20.65,33.00
2022-01-07 12:02:41,20.65,33.00
2022-01-07 12:02:45,18.39,34.00
2022-01-07 12:02:49,20.65,34.00
2022-01-07 12:02:52,20.97,34.00
2022-01-07 12:02:56,20.97,34.00
2022-01-07 12:02:59,18.06,34.00
2022-01-07 12:03:03,18.06,34.00
2022-01-07 12:03:06,20.32,34.00
2022-01-07 12:05:26,21.29,34.00
2022-01-07 12:05:29,20.97,34.00
2022-01-07 12:05:33,21.29,34.00
2022-01-07 12:05:36,20.32,34.00
2022-01-07 12:05:40,20.97,34.00
2022-01-07 12:05:44,20.65,34.00
2022-01-07 12:05:47,20.65,34.00
2022-01-07 12:05:51,20.65,35.00
2022-01-07 12:05:54,20.65,34.00
2022-01-07 12:05:58,20.97,34.00
2022-01-07 12:06:01,20.65,34.00
2022-01-07 12:06:05,20.65,34.00
2022-01-07 12:06:08,19.68,34.00
2022-01-07 12:06:12,22.26,34.00
2022-01-07 12:06:16,22.26,34.00
2022-01-07 12:06:19,20.65,34.00
2022-01-07 12:06:23,23.87,34.00
2022-01-07 12:06:26,23.23,34.00
2022-01-07 12:06:30,23.23,34.00
2022-01-07 12:06:33,20.65,34.00
2022-01-07 12:06:37,33.87,34.00
2022-01-07 12:06:40,34.84,34.00
2022-01-07 12:06:44,34.84,34.00
2022-01-07 12:06:48,22.58,34.00
2022-01-07 12:06:51,22.58,34.00
2022-01-07 12:06:55,22.26,34.00
2022-01-07 12:06:58,35.81,34.00
2022-01-07 12:07:02,33.55,34.00
2022-01-07 12:07:05,36.13,34.00
2022-01-07 12:07:09,36.45,34.00
2022-01-07 12:07:13,36.45,34.00
2022-01-07 12:07:16,34.19,34.00
2022-01-07 12:07:20,34.19,34.00
2022-01-07 12:07:23,22.58,34.00
2022-01-07 12:07:27,15.81,34.00
2022-01-07 12:07:30,28.06,33.00
2022-01-07 12:07:34,20.32,34.00
2022-01-07 12:07:38,36.13,34.00
2022-01-07 12:07:41,35.48,34.00
2022-01-07 12:07:45,29.35,34.00
2022-01-07 12:07:48,27.74,34.00
2022-01-07 12:07:52,29.03,34.00
2022-01-07 12:07:55,28.71,34.00
2022-01-07 12:07:59,28.39,34.00
2022-01-07 12:08:02,25.48,34.00
2022-01-07 12:08:06,28.06,34.00
2022-01-07 12:08:10,25.16,34.00
2022-01-07 12:08:13,27.74,34.00
2022-01-07 12:08:17,27.74,34.00
2022-01-07 12:08:20,27.74,34.00
2022-01-07 12:08:24,27.42,34.00
2022-01-07 12:08:27,27.42,34.00
2022-01-07 12:08:31,25.16,34.00
2022-01-07 12:08:34,25.16,34.00
2022-01-07 12:08:38,27.42,34.00
2022-01-07 12:08:42,27.42,34.00
2022-01-07 12:08:45,24.84,34.00
2022-01-07 12:08:49,24.84,33.00
2022-01-07 12:08:52,27.10,33.00
2022-01-07 12:08:56,27.10,35.00
2022-01-07 12:08:59,27.10,34.00
2022-01-07 12:09:03,27.10,34.00
2022-01-07 12:09:07,27.10,34.00
2022-01-07 12:09:10,27.10,34.00
2022-01-07 12:09:14,26.45,34.00
2022-01-07 12:09:17,24.84,34.00
2022-01-07 12:09:21,26.45,34.00
2022-01-07 12:09:24,24.84,34.00
2022-01-07 12:09:28,26.45,35.00
2022-01-07 12:09:31,24.84,34.00
2022-01-07 12:09:35,26.45,35.00
2022-01-07 12:09:39,27.10,34.00
2022-01-07 12:09:42,26.45,34.00
2022-01-07 12:09:46,24.52,34.00
2022-01-07 12:09:49,26.45,34.00
2022-01-07 12:09:53,26.13,34.00
2022-01-07 12:09:56,26.45,35.00
2022-01-07 12:10:00,24.19,34.00
2022-01-07 12:10:03,26.13,34.00
2022-01-07 12:10:07,26.45,34.00
2022-01-07 12:10:11,26.45,34.00
2022-01-07 12:10:14,26.45,34.00
2022-01-07 12:10:18,26.13,34.00
2022-01-07 12:10:21,26.45,34.00
2022-01-07 12:10:25,26.45,33.00
2022-01-07 12:10:28,26.45,34.00
2022-01-07 12:10:32,26.45,34.00
2022-01-07 12:10:35,26.45,34.00
2022-01-07 12:10:39,26.13,34.00
2022-01-07 12:10:43,24.52,34.00
2022-01-07 12:10:46,24.52,35.00
2022-01-07 12:10:50,26.45,35.00
2022-01-07 12:10:53,26.45,34.00
2022-01-07 12:10:57,26.45,34.00
2022-01-07 12:11:00,24.52,34.00
2022-01-07 12:11:04,26.13,35.00
2022-01-07 12:11:08,26.45,34.00
2022-01-07 12:11:11,26.45,35.00
2022-01-07 12:11:15,26.45,34.00
2022-01-07 12:11:18,26.13,34.00
2022-01-07 12:11:22,26.45,34.00
2022-01-07 12:11:25,26.45,35.00
2022-01-07 12:11:29,24.52,34.00
2022-01-07 12:11:32,26.45,34.00
2022-01-07 12:11:36,26.45,34.00
2022-01-07 12:11:40,26.13,34.00
2022-01-07 12:11:43,26.13,34.00
2022-01-07 12:11:47,26.45,34.00
2022-01-07 12:11:50,26.45,34.00
2022-01-07 12:11:54,26.45,34.00
2022-01-07 12:11:57,26.45,35.00
2022-01-07 12:12:01,24.52,34.00
2022-01-07 12:12:05,26.13,34.00
2022-01-07 12:12:08,24.52,34.00
2022-01-07 12:12:12,27.10,34.00
2022-01-07 12:12:15,26.45,35.00
2022-01-07 12:12:19,26.13,34.00
2022-01-07 12:12:22,24.52,34.00
2022-01-07 12:12:26,26.45,34.00
2022-01-07 12:12:29,24.52,34.00
2022-01-07 12:12:33,26.45,34.00
2022-01-07 12:12:37,26.13,34.00
2022-01-07 12:12:40,24.19,34.00
2022-01-07 12:12:44,26.45,35.00
2022-01-07 12:12:47,26.45,34.00
2022-01-07 12:12:51,26.45,34.00
2022-01-07 12:12:54,26.13,34.00
2022-01-07 12:12:58,26.45,34.00
2022-01-07 12:13:01,26.45,35.00
2022-01-07 12:13:05,26.45,35.00
2022-01-07 12:13:09,26.45,34.00
2022-01-07 12:13:12,26.45,35.00
2022-01-07 12:13:16,26.45,34.00
2022-01-07 12:13:19,26.45,34.00
2022-01-07 12:13:23,27.10,34.00
2022-01-07 12:13:26,27.10,33.00
2022-01-07 12:13:30,27.10,34.00
2022-01-07 12:13:33,27.10,34.00
2022-01-07 12:13:37,27.10,34.00
2022-01-07 12:13:41,26.45,35.00
2022-01-07 12:13:44,26.45,35.00
2022-01-07 12:13:48,24.52,34.00
2022-01-07 12:13:51,26.45,34.00
2022-01-07 12:13:55,26.45,34.00
2022-01-07 12:13:58,27.10,34.00
2022-01-07 12:14:02,26.45,35.00
2022-01-07 12:14:06,26.45,35.00
2022-01-07 12:14:09,27.10,34.00
2022-01-07 12:14:13,26.45,35.00
2022-01-07 12:14:16,27.10,34.00
2022-01-07 12:14:20,27.10,34.00
2022-01-07 12:14:23,27.10,34.00
2022-01-07 12:14:27,27.10,35.00
2022-01-07 12:14:30,27.10,34.00
2022-01-07 12:14:34,27.10,35.00
2022-01-07 12:14:38,24.84,34.00
2022-01-07 12:14:41,27.10,34.00
2022-01-07 12:14:45,27.10,34.00
2022-01-07 12:14:48,24.52,34.00
2022-01-07 12:14:52,27.10,35.00
2022-01-07 12:14:55,27.10,34.00
2022-01-07 12:14:59,27.10,34.00
2022-01-07 12:15:02,24.84,35.00
2022-01-07 12:15:06,27.10,34.00
2022-01-07 12:15:10,27.10,35.00
2022-01-07 12:15:13,26.45,34.00
2022-01-07 12:15:17,24.52,33.00
2022-01-07 12:15:20,27.10,35.00
2022-01-07 12:15:24,27.10,34.00
2022-01-07 12:15:27,27.10,34.00
2022-01-07 12:15:31,24.84,34.00
2022-01-07 12:15:35,27.10,34.00
2022-01-07 12:15:38,27.10,35.00
2022-01-07 12:15:42,26.45,34.00
2022-01-07 12:15:45,24.52,34.00
2022-01-07 12:15:49,26.45,34.00
2022-01-07 12:15:52,26.45,34.00
2022-01-07 12:15:56,26.45,34.00
2022-01-07 12:15:59,24.52,34.00
2022-01-07 12:16:03,26.45,34.00
2022-01-07 12:16:07,26.45,34.00
2022-01-07 12:16:10,26.45,35.00
2022-01-07 12:16:14,24.52,35.00
2022-01-07 12:16:17,26.45,34.00
2022-01-07 12:16:21,26.45,35.00
2022-01-07 12:16:24,26.45,34.00
2022-01-07 12:16:28,26.45,34.00
2022-01-07 12:16:31,26.45,35.00
2022-01-07 12:16:35,26.45,33.00
2022-01-07 12:16:39,26.45,35.00
2022-01-07 12:16:42,27.10,34.00
2022-01-07 12:16:46,26.45,34.00
2022-01-07 12:16:49,27.10,34.00
2022-01-07 12:16:53,27.10,34.00
2022-01-07 12:16:56,27.10,33.00
2022-01-07 12:17:00,27.10,35.00
2022-01-07 12:17:03,26.45,34.00
2022-01-07 12:17:07,24.52,35.00
2022-01-07 12:17:11,26.45,35.00
2022-01-07 12:17:14,24.52,34.00
2022-01-07 12:17:18,26.45,33.00
2022-01-07 12:17:21,26.45,34.00
2022-01-07 12:17:25,26.45,34.00
2022-01-07 12:17:28,24.52,34.00
2022-01-07 12:17:32,27.10,34.00
2022-01-07 12:17:36,26.45,34.00
2022-01-07 12:17:39,27.10,34.00
2022-01-07 12:17:43,24.52,35.00
2022-01-07 12:17:46,26.45,35.00
2022-01-07 12:17:50,26.45,35.00
2022-01-07 12:17:53,26.45,35.00
2022-01-07 12:17:57,24.52,35.00
2022-01-07 12:18:00,27.10,33.00
2022-01-07 12:18:04,26.45,34.00
2022-01-07 12:18:08,24.52,34.00
2022-01-07 12:18:11,24.52,35.00
2022-01-07 12:18:15,27.10,34.00
2022-01-07 12:18:18,26.45,35.00
2022-01-07 12:18:22,26.45,33.00
2022-01-07 12:18:25,27.10,34.00
2022-01-07 12:18:29,27.10,34.00
2022-01-07 12:18:32,26.45,33.00
2022-01-07 12:18:36,26.45,34.00
2022-01-07 12:18:40,24.52,34.00
2022-01-07 12:18:43,26.45,33.00
2022-01-07 12:18:47,26.45,35.00
2022-01-07 12:18:50,26.45,33.00
2022-01-07 12:18:54,24.52,34.00
2022-01-07 12:18:57,26.45,35.00
2022-01-07 12:19:01,24.52,34.00
2022-01-07 12:19:04,26.13,34.00
2022-01-07 12:19:08,26.45,34.00
2022-01-07 12:19:12,26.45,35.00
2022-01-07 12:19:15,26.45,34.00
2022-01-07 12:19:19,26.45,34.00
2022-01-07 12:19:22,26.45,33.00
2022-01-07 12:19:26,26.13,35.00
2022-01-07 12:19:29,26.45,34.00
2022-01-07 12:19:33,24.52,35.00
2022-01-07 12:19:37,27.10,34.00
2022-01-07 12:19:40,26.45,34.00
2022-01-07 12:19:44,26.45,34.00
2022-01-07 12:19:47,26.13,34.00
2022-01-07 12:19:51,26.45,33.00
2022-01-07 12:19:54,26.13,34.00
2022-01-07 12:19:58,24.52,35.00
2022-01-07 12:20:01,26.45,34.00
2022-01-07 12:20:05,26.45,34.00
2022-01-07 12:20:09,24.52,34.00
2022-01-07 12:20:12,24.52,34.00
2022-01-07 12:20:16,26.45,34.00
2022-01-07 12:20:19,26.45,34.00
2022-01-07 12:20:23,24.52,34.00
2022-01-07 12:20:26,26.45,34.00
2022-01-07 12:20:30,27.10,35.00
2022-01-07 12:20:33,26.45,34.00
2022-01-07 12:20:37,24.52,34.00
2022-01-07 12:20:41,24.84,34.00
2022-01-07 12:20:44,27.10,34.00
2022-01-07 12:20:48,26.45,33.00
2022-01-07 12:20:51,27.10,34.00
2022-01-07 12:20:55,27.10,35.00
2022-01-07 12:20:58,27.10,35.00
2022-01-07 12:21:02,24.84,34.00
2022-01-07 12:21:05,24.84,34.00
2022-01-07 12:21:09,27.10,34.00
2022-01-07 12:21:13,27.10,35.00
2022-01-07 12:21:16,24.52,33.00
2022-01-07 12:21:20,24.52,34.00
2022-01-07 12:21:23,26.45,34.00
2022-01-07 12:21:27,26.45,33.00
2022-01-07 12:21:30,26.45,33.00
2022-01-07 12:21:34,26.45,34.00
2022-01-07 12:21:38,26.45,35.00
2022-01-07 12:21:41,26.45,34.00
2022-01-07 12:21:45,27.10,34.00
2022-01-07 12:21:48,24.84,34.00
2022-01-07 12:21:52,27.10,34.00
2022-01-07 12:21:55,27.10,34.00
2022-01-07 12:21:59,27.10,33.00
2022-01-07 12:22:02,27.10,34.00
2022-01-07 12:22:06,24.84,34.00
2022-01-07 12:22:10,24.84,34.00
2022-01-07 12:22:13,27.10,33.00
2022-01-07 12:22:17,27.10,34.00
2022-01-07 12:22:20,27.10,34.00
2022-01-07 12:22:24,27.10,34.00
2022-01-07 12:22:27,26.45,33.00
2022-01-07 12:22:31,27.10,34.00
2022-01-07 12:22:35,26.45,34.00
2022-01-07 12:22:38,26.45,34.00
2022-01-07 12:22:42,27.10,35.00
2022-01-07 12:22:45,27.10,34.00
2022-01-07 12:22:49,27.10,35.00
2022-01-07 12:22:52,27.10,32.00
2022-01-07 12:22:56,27.10,34.00
2022-01-07 12:22:59,27.10,33.00
2022-01-07 12:23:03,27.10,34.00
2022-01-07 12:23:07,27.10,34.00
2022-01-07 12:23:10,27.10,34.00
2022-01-07 12:23:14,27.10,35.00
2022-01-07 12:23:17,26.45,33.00
2022-01-07 12:23:21,24.52,34.00
2022-01-07 12:23:24,27.10,34.00
2022-01-07 12:23:28,27.10,35.00
2022-01-07 12:23:32,27.10,35.00
2022-01-07 12:23:35,27.10,34.00
2022-01-07 12:23:39,26.45,34.00
2022-01-07 12:23:42,26.45,34.00
2022-01-07 12:23:46,26.45,35.00
2022-01-07 12:23:49,26.45,34.00
2022-01-07 12:23:53,24.52,34.00
2022-01-07 12:23:56,26.45,34.00
2022-01-07 12:24:00,26.45,34.00
2022-01-07 12:24:04,26.45,35.00
2022-01-07 12:24:07,24.52,34.00
2022-01-07 12:24:11,24.52,34.00
2022-01-07 12:24:14,26.45,34.00
2022-01-07 12:24:18,26.45,34.00
2022-01-07 12:24:21,26.45,34.00
2022-01-07 12:24:25,26.45,35.00
2022-01-07 12:24:29,24.52,34.00
2022-01-07 12:24:32,26.45,34.00
2022-01-07 12:24:36,26.45,34.00
2022-01-07 12:24:39,24.52,34.00
2022-01-07 12:24:43,26.45,35.00
2022-01-07 12:24:46,27.10,34.00
2022-01-07 12:24:50,27.10,33.00
2022-01-07 12:24:53,24.52,34.00
2022-01-07 12:24:57,26.45,35.00
2022-01-07 12:25:01,26.45,35.00
2022-01-07 12:25:04,26.45,34.00
2022-01-07 12:25:08,24.52,32.00
2022-01-07 12:25:11,26.45,34.00
2022-01-07 12:25:15,27.10,35.00
2022-01-07 12:25:18,26.45,34.00
2022-01-07 12:25:22,24.52,34.00
2022-01-07 12:25:25,27.10,35.00
2022-01-07 12:25:29,27.10,34.00
2022-01-07 12:25:33,26.45,34.00
2022-01-07 12:25:36,26.45,35.00
2022-01-07 12:25:40,26.45,35.00
2022-01-07 12:25:43,26.45,34.00
2022-01-07 12:25:47,26.45,34.00
2022-01-07 12:25:50,26.45,34.00
2022-01-07 12:25:54,24.52,34.00
2022-01-07 12:25:58,26.45,35.00
2022-01-07 12:26:01,26.45,35.00
2022-01-07 12:26:05,26.45,35.00
2022-01-07 12:26:08,24.52,33.00
2022-01-07 12:26:12,26.45,33.00
2022-01-07 12:26:15,26.45,34.00
2022-01-07 12:26:19,26.45,35.00
2022-01-07 12:26:22,26.45,34.00
2022-01-07 12:26:26,24.52,34.00
2022-01-07 12:26:30,26.45,34.00
2022-01-07 12:26:33,26.45,34.00
2022-01-07 12:26:37,26.45,35.00
2022-01-07 12:26:40,26.13,34.00
2022-01-07 12:26:44,26.45,34.00
2022-01-07 12:26:47,26.13,34.00
2022-01-07 12:26:51,26.45,35.00
2022-01-07 12:26:54,24.52,32.00
2022-01-07 12:26:58,26.45,34.00
2022-01-07 12:27:02,26.45,35.00
2022-01-07 12:27:05,26.45,33.00
2022-01-07 12:27:09,26.45,34.00
2022-01-07 12:27:12,26.13,34.00
2022-01-07 12:27:16,26.45,34.00
2022-01-07 12:27:19,24.52,34.00
2022-01-07 12:27:23,26.45,34.00
2022-01-07 12:27:27,26.45,33.00
2022-01-07 12:27:30,26.45,33.00
2022-01-07 12:27:34,26.13,35.00
2022-01-07 12:27:37,24.52,34.00
2022-01-07 12:27:41,26.45,33.00
2022-01-07 12:27:44,26.45,33.00
2022-01-07 12:27:48,26.45,34.00
2022-01-07 12:27:51,26.45,34.00
2022-01-07 12:27:55,26.45,34.00
2022-01-07 12:27:59,24.52,34.00
2022-01-07 12:28:02,26.45,35.00
2022-01-07 12:28:06,26.45,35.00
2022-01-07 12:28:09,26.45,33.00
2022-01-07 12:28:13,24.52,34.00
2022-01-07 12:28:16,27.10,35.00
2022-01-07 12:28:20,24.52,34.00
2022-01-07 12:28:23,26.45,33.00
2022-01-07 12:28:27,24.52,35.00
2022-01-07 12:28:31,26.45,35.00
2022-01-07 12:28:34,26.45,34.00
2022-01-07 12:28:38,24.52,33.00
2022-01-07 12:28:41,26.45,35.00
2022-01-07 12:28:45,27.10,35.00
2022-01-07 12:28:48,26.45,34.00
2022-01-07 12:28:52,27.10,34.00
2022-01-07 12:28:56,26.45,33.00
2022-01-07 12:28:59,26.45,34.00
2022-01-07 12:29:03,26.45,34.00
2022-01-07 12:29:06,26.45,33.00
2022-01-07 12:29:10,26.45,35.00
2022-01-07 12:29:13,24.52,34.00
2022-01-07 12:29:17,26.45,35.00
2022-01-07 12:29:20,26.45,33.00
2022-01-07 12:29:24,24.52,35.00
2022-01-07 12:29:28,26.45,34.00
2022-01-07 12:29:31,26.45,35.00
2022-01-07 12:29:35,27.10,33.00
2022-01-07 12:29:38,26.45,35.00
2022-01-07 12:29:42,26.45,34.00
2022-01-07 12:29:45,24.52,35.00
2022-01-07 12:29:49,24.52,35.00
2022-01-07 12:29:52,26.45,34.00
2022-01-07 12:29:56,26.45,34.00
2022-01-07 12:30:00,26.45,35.00
2022-01-07 12:30:03,26.45,34.00
2022-01-07 12:30:07,26.45,34.00
2022-01-07 12:30:10,26.45,33.00
2022-01-07 12:30:14,26.45,34.00
2022-01-07 12:30:17,27.10,33.00
2022-01-07 12:30:21,26.13,34.00
2022-01-07 12:30:25,26.45,34.00
2022-01-07 12:30:28,26.13,35.00
2022-01-07 12:30:32,26.45,33.00
2022-01-07 12:30:35,26.45,35.00
2022-01-07 12:30:39,26.45,35.00
2022-01-07 12:30:42,26.45,34.00
2022-01-07 12:30:46,26.45,34.00
2022-01-07 12:30:49,26.45,34.00
2022-01-07 12:30:53,26.45,33.00
2022-01-07 12:30:57,24.52,34.00
2022-01-07 12:31:00,27.10,35.00
2022-01-07 12:31:04,26.45,34.00
2022-01-07 12:31:07,26.45,33.00
2022-01-07 12:31:11,27.10,35.00
2022-01-07 12:31:14,26.13,34.00
2022-01-07 12:31:18,26.45,34.00
2022-01-07 12:31:21,26.45,34.00
2022-01-07 12:31:25,26.45,34.00
2022-01-07 12:31:29,26.13,34.00
2022-01-07 12:31:32,26.45,34.00
2022-01-07 12:31:36,26.45,33.00
2022-01-07 12:31:39,26.45,33.00
2022-01-07 12:31:43,26.45,34.00
2022-01-07 12:31:46,26.45,33.00
2022-01-07 12:31:50,24.52,34.00
2022-01-07 12:31:54,26.45,34.00
2022-01-07 12:31:57,26.45,33.00
2022-01-07 12:32:01,26.45,33.00
2022-01-07 12:32:04,24.52,34.00
2022-01-07 12:32:08,26.45,34.00
2022-01-07 12:32:11,26.45,33.00
2022-01-07 12:32:15,26.45,34.00
2022-01-07 12:32:18,24.52,33.00
2022-01-07 12:32:22,26.45,35.00
2022-01-07 12:32:26,26.45,35.00
2022-01-07 12:32:29,26.13,34.00
2022-01-07 12:32:33,26.45,35.00
2022-01-07 12:32:36,26.45,34.00
2022-01-07 12:32:40,26.45,34.00
2022-01-07 12:32:43,26.45,33.00
2022-01-07 12:32:47,26.45,34.00
2022-01-07 12:32:50,26.45,33.00
2022-01-07 12:32:54,27.10,34.00
2022-01-07 12:32:58,26.45,33.00
2022-01-07 12:33:01,27.10,34.00
2022-01-07 12:33:05,26.45,33.00
2022-01-07 12:33:08,24.52,34.00
2022-01-07 12:33:12,26.45,34.00
2022-01-07 12:33:15,26.45,34.00
2022-01-07 12:33:19,26.45,33.00
2022-01-07 12:33:23,27.10,33.00
2022-01-07 12:33:26,26.45,35.00
2022-01-07 12:33:30,27.10,33.00
2022-01-07 12:33:33,26.45,34.00
2022-01-07 12:33:37,26.45,33.00
2022-01-07 12:33:40,26.45,35.00
2022-01-07 12:33:44,26.45,34.00
2022-01-07 12:33:47,26.45,34.00
2022-01-07 12:33:51,26.45,34.00
2022-01-07 12:33:55,26.45,33.00
2022-01-07 12:33:58,26.45,34.00
2022-01-07 12:34:02,27.10,34.00
2022-01-07 12:34:05,26.45,34.00
2022-01-07 12:34:09,26.45,34.00
2022-01-07 12:34:12,27.10,33.00
2022-01-07 12:34:16,26.45,34.00
2022-01-07 12:34:20,26.45,34.00
2022-01-07 12:34:23,26.45,34.00
2022-01-07 12:34:27,26.45,33.00
2022-01-07 12:34:30,26.45,34.00
2022-01-07 12:34:34,24.52,34.00
2022-01-07 12:34:37,24.52,33.00
2022-01-07 12:34:41,26.45,33.00
2022-01-07 12:34:44,27.10,34.00
2022-01-07 12:34:48,24.52,34.00
2022-01-07 12:34:52,26.45,32.00
2022-01-07 12:34:55,26.45,33.00
2022-01-07 12:34:59,26.45,34.00
2022-01-07 12:35:02,27.10,34.00
2022-01-07 12:35:06,26.45,34.00
2022-01-07 12:35:09,27.10,33.00
2022-01-07 12:35:13,26.45,34.00
2022-01-07 12:35:17,24.52,34.00
2022-01-07 12:35:20,26.45,33.00
2022-01-07 12:35:24,26.45,34.00
2022-01-07 12:35:27,24.52,33.00
2022-01-07 12:35:31,26.45,34.00
2022-01-07 12:35:34,26.45,33.00
2022-01-07 12:35:38,27.10,33.00
2022-01-07 12:35:41,26.45,33.00
2022-01-07 12:35:45,27.10,34.00
2022-01-07 12:35:49,27.10,36.00
2022-01-07 12:35:52,26.45,35.00
2022-01-07 12:35:56,26.45,33.00
2022-01-07 12:35:59,26.45,34.00
2022-01-07 12:36:03,26.45,33.00
2022-01-07 12:36:06,27.10,34.00
2022-01-07 12:36:10,26.45,34.00
2022-01-07 12:36:13,26.45,35.00
2022-01-07 12:36:17,27.10,33.00
2022-01-07 12:36:21,26.45,32.00
2022-01-07 12:36:24,27.10,33.00
2022-01-07 12:36:28,24.52,34.00
2022-01-07 12:36:31,26.45,34.00
2022-01-07 12:36:35,26.45,34.00
2022-01-07 12:36:38,27.10,35.00
2022-01-07 12:36:42,26.13,34.00
2022-01-07 12:36:46,26.45,34.00
2022-01-07 12:36:49,26.13,33.00
2022-01-07 12:36:53,26.13,35.00
2022-01-07 12:36:56,26.45,35.00
2022-01-07 12:37:00,24.52,33.00
2022-01-07 12:37:03,26.45,35.00
2022-01-07 12:37:07,26.13,33.00
2022-01-07 12:37:10,26.13,34.00
2022-01-07 12:37:14,26.45,35.00
2022-01-07 12:37:18,26.45,33.00
2022-01-07 12:37:21,27.10,34.00
2022-01-07 12:37:25,24.52,35.00
2022-01-07 12:37:28,26.45,34.00
2022-01-07 12:37:32,26.45,34.00
2022-01-07 12:37:35,26.45,33.00
2022-01-07 12:37:39,26.45,33.00
2022-01-07 12:37:42,26.45,34.00
2022-01-07 12:37:46,26.45,33.00
2022-01-07 12:37:50,26.45,33.00
2022-01-07 12:37:53,26.45,35.00
2022-01-07 12:37:57,26.45,33.00
2022-01-07 12:38:00,26.45,34.00
2022-01-07 12:38:04,27.10,33.00
2022-01-07 12:38:07,26.45,33.00
2022-01-07 12:38:11,27.10,33.00
2022-01-07 12:38:15,27.10,34.00
2022-01-07 12:38:18,26.45,34.00
2022-01-07 12:38:22,26.45,33.00
2022-01-07 12:38:25,26.45,34.00
2022-01-07 12:38:29,26.45,33.00
2022-01-07 12:38:32,27.10,33.00
2022-01-07 12:38:36,24.52,34.00
2022-01-07 12:38:39,26.45,35.00
2022-01-07 12:38:43,26.45,34.00
2022-01-07 12:38:47,27.10,35.00
2022-01-07 12:38:50,26.45,35.00
2022-01-07 12:38:54,26.45,33.00
2022-01-07 12:38:57,26.45,33.00
2022-01-07 12:39:01,26.45,34.00
2022-01-07 12:39:04,26.45,33.00
2022-01-07 12:39:08,26.45,35.00
2022-01-07 12:39:11,26.45,33.00
2022-01-07 12:39:15,26.45,34.00
2022-01-07 12:39:19,26.45,34.00
2022-01-07 12:39:22,24.52,35.00
2022-01-07 12:39:26,26.13,35.00
2022-01-07 12:39:29,26.13,35.00
2022-01-07 12:39:33,26.45,34.00
2022-01-07 12:39:36,26.45,33.00
2022-01-07 12:39:40,24.52,34.00
2022-01-07 12:39:44,26.45,34.00
2022-01-07 12:39:47,26.13,33.00
2022-01-07 12:39:51,26.45,34.00
2022-01-07 12:39:54,26.45,33.00
2022-01-07 12:39:58,26.45,34.00
2022-01-07 12:40:01,26.45,33.00
2022-01-07 12:40:05,24.19,34.00
2022-01-07 12:40:08,24.52,33.00
2022-01-07 12:40:12,26.45,33.00
2022-01-07 12:40:16,26.45,34.00
2022-01-07 12:40:19,26.13,33.00
2022-01-07 12:40:23,24.52,34.00
2022-01-07 12:40:26,26.13,34.00
2022-01-07 12:40:30,26.13,34.00
2022-01-07 12:40:33,26.13,34.00
2022-01-07 12:40:37,26.13,32.00
2022-01-07 12:40:40,24.52,33.00
2022-01-07 12:40:44,26.45,35.00
2022-01-07 12:40:48,26.45,35.00
2022-01-07 12:40:51,24.52,33.00
2022-01-07 12:40:55,24.52,33.00
2022-01-07 12:40:58,26.45,34.00
2022-01-07 12:41:02,26.45,33.00
2022-01-07 12:41:05,24.52,33.00
2022-01-07 12:41:09,27.10,35.00
2022-01-07 12:41:13,27.10,34.00
2022-01-07 12:41:16,26.45,33.00
2022-01-07 12:41:20,24.52,33.00
2022-01-07 12:41:23,27.10,34.00
2022-01-07 12:41:27,26.45,33.00
2022-01-07 12:41:30,27.10,33.00
2022-01-07 12:41:34,26.45,33.00
2022-01-07 12:41:37,27.10,33.00
2022-01-07 12:41:41,27.10,34.00
